group,uptake_index,ATP_nmol_mg,MMP_ratio,ROS_rel,OCR_pmol_min,apoptosis_pct,inflam_rel,viability_pct,rescue_binary
Healthy,0.2743773663803545,26.433187727299327,1.0694907969330094,1.254826042356416,120.03427132633277,1.0,1.0918313992859068,95.7624570823181,1
Healthy,0.2486559073996569,27.01031397569144,1.0790382903296272,1.2182521743302257,152.47918038691273,13.725721848490887,1.1574150988780063,82.66985612932272,1
Healthy,0.2795000627265999,26.732411085278304,1.0814205321357826,0.9756957229695392,148.5077717617199,2.377290986700735,1.2628830252506715,95.81043696939358,1
Healthy,0.21573377422695142,28.66473389597205,1.0451665286379574,1.1143175170425088,157.41671930101904,9.54256188030457,1.4997418514521288,89.72630073503188,1
Healthy,0.209020581674277,27.02885719615526,1.0521597945657368,1.3304550383758527,149.11571697970527,2.3070124475821165,0.9012278921418904,100.0,1
Healthy,0.3094603336962754,32.07942094015701,0.9448609530397196,1.0441940536649852,150.8744701009666,8.731353969465731,1.2027628445648482,96.20414268116971,1
Healthy,0.3043130850457516,30.399465998348372,1.0303657926857588,1.1577511234687783,127.23209115065299,5.215280192679196,0.9359557969227796,92.83418835540562,1
Healthy,0.2279886199018653,35.16626044902598,0.9203142891797573,1.2788219223199617,121.63974085938275,6.02644792964673,1.1055111549030916,100.0,1
Healthy,0.3068981263834284,32.94740970235002,0.9731665936083149,0.8506271538197213,163.24461278506413,5.714428796699863,0.6820057973205875,90.99717950002923,1
Healthy,0.1764438171198711,31.51939405554779,1.0069338216159405,1.2190805631470203,143.2887664477024,8.347796343058684,1.1924000274595692,92.9773201205603,1
Healthy,0.2865420190045929,27.792885263280496,0.970248515329511,0.8803236830288603,130.33103894650657,9.860991158794146,0.8668124059126159,91.46190294329911,1
Healthy,0.2884597327124727,31.678238314242222,1.0629614384245487,0.9589631578879959,144.36053289893542,6.061848419790305,0.6185272140012323,88.07478941817457,1
Healthy,0.1441840310116478,26.192188196429758,1.027514402886041,0.7835014536451063,144.4446583873185,14.19728627669036,0.8674972897777629,91.38257730730808,1
Healthy,0.17531058559920984,29.056900304260925,0.9085228619059845,0.9312120337881191,161.79834171362603,1.0,1.0783762100271184,100.0,1
Healthy,0.20246800354425645,24.79620152027318,1.0026890959777888,0.8683782402216456,153.77122310927547,6.8517347777172155,1.3194859161460128,90.56019932515198,1
Healthy,0.1681202005902508,30.38182532411786,1.0132493176046788,1.4092304508607345,163.60026765151747,9.88019135099045,1.4242342487834871,85.79236378774125,1
Healthy,0.1988198773800202,26.603443837220723,0.9608227079063825,0.6324409216012264,159.45722389134534,5.166609413171518,0.5845328456097219,88.33530428454998,1
Healthy,0.27508110779601563,33.00868631101838,1.181712268875942,1.8071031027534468,159.9013717721829,1.5867038720600564,0.7327255939274736,100.0,0
Healthy,0.18496471237517392,28.351143726496623,0.9397084650746312,0.9833409024721013,165.97043606394564,8.270722419168482,0.9609355614695139,86.78018578360833,1
Healthy,0.11602536442365144,27.895998411514295,0.9844415995802432,1.5419114982540891,151.80434113601055,14.073610465165064,1.0256328428849089,80.96904807627436,0
Healthy,0.17279065902141025,27.230080751189096,1.1853855286408777,0.7970349991596781,166.7527667753173,1.0,1.1542048126222533,100.0,1
Healthy,0.23746896818735277,29.81973806308804,0.9400666248663431,1.1292860775494091,141.6414635621417,1.0,0.751175253037036,100.0,1
Healthy,0.3763273005128348,30.93895254904554,0.9994287346911374,1.03581676390922,170.88574509174967,8.391356127854754,0.9185502001938828,100.0,1
Healthy,0.2843005150769291,35.47804751721676,1.019235140556126,0.6451434908413347,128.45568534207962,16.08044373173341,1.290492331282659,89.94535824524772,1
Healthy,0.21934501430912098,35.02309006577507,0.8979134897608159,0.7602056796841763,158.45567153071937,4.76529968364592,0.9389246092426284,98.82095690140123,1
Healthy,0.2770059639039147,35.007204406309754,1.0103131187334702,1.17085077475115,117.3828825207061,6.987512425520771,0.8572020342233558,90.70143434082748,1
Healthy,0.17974781064569995,28.619811389484255,1.0768110536636972,0.6531983053069271,151.87270284745725,2.9405136886301997,0.8412114955671004,100.0,1
Healthy,0.2930492349603141,34.810041080930546,0.989538427664334,0.7900688364960932,146.22995062787004,8.09788785463351,0.9863633479838397,90.50138593145132,1
Healthy,0.2572391825302299,30.82051670307686,1.2271517979804714,1.5229827772732873,140.43683875470737,4.9587545973686895,0.8087884539141812,93.58106426017024,0
Healthy,0.27524840028722725,34.2962328739705,0.9364023266260535,0.8080020566804874,114.49861740345048,6.021594630335208,0.718269343561018,95.1838274559177,1
Healthy,0.17985113774659295,29.45963447335583,0.8361925357976306,0.6137794330792151,181.11941943681012,1.0,0.662152031009783,100.0,1
Healthy,0.4824053735392326,26.596732919729,0.9854500237722158,1.0142936735246113,177.39726273838937,1.1947447338465038,0.9496122922738888,100.0,1
Healthy,0.2847812859573295,28.787797608566642,0.9907384360701428,0.6028557235713398,146.02251194566793,4.662955890668092,0.9517913066106112,92.81035053969141,1
Healthy,0.2877230818036111,33.65767460778024,1.017006486034451,1.085288715720513,151.156602309866,7.069044873782806,0.862579411550702,99.03833443568175,1
Healthy,0.24221707212692084,37.30274029763785,1.1409793069929255,1.110761059471398,140.32871217075638,1.0,1.2897417145473997,100.0,1
Healthy,0.28841147227132885,24.009183462404312,1.0865423811219426,1.1137936794050565,133.79087190956332,3.879184227378764,1.0864662048096982,94.21696348567704,1
Healthy,0.2266263051357156,29.567669977176283,0.9754521403722376,1.0508982965911908,173.10201009459078,1.0,0.9606175159556671,100.0,1
Healthy,0.27367951917496797,28.76933752290039,0.843789401110925,1.0835509037287119,174.8258126466236,1.0,1.2109298889457794,97.09045117500287,1
Healthy,0.24509405233369222,26.300137369537254,0.9695064686746665,1.365729568198916,158.7736003079473,18.3082899568095,1.3504630076248216,86.36797052985222,1
Healthy,0.3895147620934234,31.955020341864316,1.0856801168792092,0.8681299662775834,152.60697515757306,2.0376362914782513,1.1847409571802636,93.0730814332468,1
Healthy,0.3125880273934129,29.52048538091218,1.1104192806035318,1.1883375072570583,181.11788557321242,11.098807477724794,0.7012355205705516,91.03152620897828,1
Healthy,0.15623942459241472,27.904738825495283,1.128509712962298,1.21132566844401,141.13028797606142,1.0,1.06004347754378,91.24348239901039,1
Healthy,0.19630877780827352,30.930959483854174,1.0996827854742646,1.1892451399899473,115.13365800096716,8.606593941315866,1.063158671108654,96.75664224949597,1
Healthy,0.3792967745320966,23.166556354779686,0.9571444336953683,1.1201998992959055,123.92308941525354,16.353227484740653,1.1110884296181214,88.49685574013571,0
Healthy,0.20432450707825645,32.71114643611651,1.092508400605274,1.0811922681610173,155.4155654940741,8.229393568380745,0.8303621087975904,94.75800092552319,1
Healthy,0.2377981974038113,31.305273117448667,1.0890080380142315,0.7078805279547113,149.6020001991429,14.770446113777872,0.7633807216499138,84.63330687570497,1
Healthy,0.26618449534649546,33.00390165273811,1.002323104628179,1.3664443919510836,163.75051960437168,12.769870557473464,1.2135167282790713,100.0,1
Healthy,0.23358706489071646,22.938433172439353,1.1430698577278,0.8775886866203381,154.30134454858893,13.754062336037038,0.616900072622121,77.84992674999714,0
Healthy,0.1218977650304917,26.836216280002493,1.0293191157439687,1.1916083782269038,154.9481309526483,1.0,0.5396793384975442,98.22785128034378,1
Healthy,0.21225791730893315,31.49462395293494,1.060156459744629,1.0519173299183042,163.244945641417,8.118164146059247,1.1295935677118987,90.77420347769429,1
Healthy,0.2356310868934833,30.6456095989798,1.0726980497390464,0.8947815913644007,159.64724098701663,4.758342132802249,0.9478361210289115,100.0,1
Healthy,0.09055517031566752,24.984012362685338,0.8538477278553995,0.40239317683199094,136.51702805891438,11.178303384898028,0.7879237996038313,89.83450520134389,1
Healthy,0.3371373997368634,34.90831366214751,1.0007485778535965,1.3485059591715292,151.48750093631048,2.6681311082567074,0.9563584123091605,92.52726423529305,1
Healthy,0.1789492917013078,28.533789466843423,1.0666385950801787,1.5066833006310179,129.08459046541057,9.970499840340478,0.8977511585430968,94.59205633861288,0
Healthy,0.23951306794498187,23.56036881336859,1.0827077746767622,0.8342702266328117,142.94633613020486,1.0,0.8146252357869407,98.50356393219064,0
Healthy,0.23486045272508757,31.104898366163944,1.031361803071603,1.3750841050941063,145.07993404145878,1.0,1.3285599579193628,98.47400998711484,1
Healthy,0.33916739556619013,31.609322082837217,0.9953310139269941,1.0664486618847961,181.13215921270668,19.622794414530148,1.0318760152004103,86.82850127798066,1
Healthy,0.33609921259731085,27.29848402310622,1.0368642705434277,0.9626236781638614,155.68608825310255,1.703848897370722,0.6409510710129922,85.1781106800194,1
Healthy,0.16060927096083139,28.126464315594827,0.966461498878478,1.5737114806439738,167.09220089832937,2.576107269967315,1.219923729700204,94.9725233552811,0
Healthy,0.22725089295679238,30.580392451824213,1.0539054719643288,0.9129698119775983,167.99192301910767,1.0,0.9796370467140987,100.0,1
Healthy,0.267846379410022,35.06978991135167,1.0096645263883905,1.1563713538988354,149.26543036470795,6.232310062482101,0.8676067111951166,100.0,1
Healthy,0.18187702486513857,32.12517940169242,1.092225992389343,1.1264718353236258,147.08008812611712,9.42338119216337,0.9637098866106957,99.94968544007565,1
Healthy,0.10348751326279011,28.38583675137311,0.8091059214998634,0.632662337894406,168.3857022640201,12.781799038619747,0.7498799331509476,80.39104208368269,1
Healthy,0.012837692972667897,27.386278801153782,1.1988643665400798,1.2047744034693875,144.62640202092962,9.006843864700134,0.7077827632085694,90.04235201274635,1
Healthy,0.25795819784125906,29.722522312150108,1.071809206779408,1.0937152941016541,161.9857820117573,2.626341654142303,1.2209482133757341,100.0,1
Healthy,0.172388038427887,26.6602293202827,1.1140116333430519,0.9735878702756225,174.51335167323987,3.60789166913983,1.313506994348462,96.49873915769047,1
Healthy,0.27065830586581563,35.53848799344211,0.9690933214992897,0.7292554060879762,142.26665245853354,9.357954587039046,0.5878468556422809,100.0,1
Healthy,0.20689829459058054,33.888039196339214,0.781068436126204,0.7948471798641296,119.07574143052602,2.9459069447873203,1.0031982932099999,99.50073820927514,1
Healthy,0.2297297944841588,29.382042333622262,1.0166833252145275,0.7247044801864743,161.60989410824632,10.325304831398688,1.0158844663309607,95.308182191562,1
Healthy,0.2737134400646928,37.19389687975281,0.9940585998104495,0.9057169948436761,137.83661351087005,1.0,0.7026454554386824,98.78355424846617,1
Healthy,0.24434556946783428,31.153069658145505,1.0041504308271212,0.7876291730059384,164.47766077920758,10.986831794854835,0.9117846656186409,88.58487949101514,1
Healthy,0.293874233666384,30.789530257200518,0.8731784853459563,0.9656095465411323,151.9097857294173,2.293979462080004,1.0331679330595205,90.50959967310958,1
Healthy,0.3568948880009737,34.688509611710934,0.9858250309528112,1.0643540037945998,111.18609910435262,1.0,0.9514571385151814,96.1803076384654,1
Healthy,0.3071517186104527,37.16199301344933,0.898676812740199,0.7455071453424875,151.94335652228247,16.765650305241504,0.6674544375768431,92.97889229771805,1
Healthy,0.3957039080650487,24.65595470556771,0.896360084029079,0.8303937823681982,139.80506690683686,12.15823478708379,1.0107635839526339,77.01721263582083,0
Healthy,0.29123283223206486,28.10231239095142,1.1179988761032769,0.8098439985164398,141.9381352402232,9.158484405240408,1.120304825743236,94.82319609399573,1
Healthy,0.11515221460921533,31.478577183576526,0.8961244525180413,1.1130740361314884,125.35048917893977,10.527334242413112,0.85081675008525,85.36947101465229,1
Healthy,0.30710561091859195,31.017072658624404,0.9493105367481267,1.3863431139043907,142.03715091635038,8.269469051145629,1.15574673696539,90.87667274948645,1
Healthy,0.28769090347199433,28.245989495339447,0.9659678232783007,1.3683481229297374,132.73804397881048,1.0,1.4464931696350511,100.0,1
Healthy,0.21757845876405346,23.123802234121513,0.9694627188434893,0.9312051134771939,146.4115474828267,1.0,1.1103047297141235,98.82132559218942,0
Healthy,0.13044755041445547,32.088531212175475,1.1751774524082865,1.0899922504373174,147.75599155025307,5.276900499979789,1.1578545513424128,87.24756869427814,1
Healthy,0.2631512562381842,28.672829945594717,1.1673563516650987,0.9466286948512473,179.69861610788408,1.0,1.1158541904094261,100.0,1
Healthy,0.1804762201708174,30.412315061741744,1.1035647929285095,0.9336716457399656,124.79276388599695,6.140577575044198,0.7848848305806387,93.8808813450264,1
Healthy,0.24347297842519033,24.01063617922126,0.8540685877351543,1.1372631714983303,139.0097354405179,1.0,1.2069814809283723,97.8406002391782,1
Healthy,0.19289001407708128,25.2197643035274,1.070653911794457,1.1178066693899418,189.3934069352454,9.332821460362766,1.1147463584251287,89.26403383317482,1
Healthy,0.3153420693760633,32.38382441249673,1.1178826163209525,0.8311598584999381,145.15536752667373,3.08040499360228,1.131766343284362,100.0,1
Healthy,0.21329276054805596,28.40317023436835,1.0253303709921264,0.9440343138045679,165.6888051280965,1.0,0.8041334681294252,94.14740413685233,1
Healthy,0.06437151900910841,26.07038000173651,0.9027856710945953,1.0086606650815397,166.05759634626693,6.130243396451294,0.7753861478107311,92.99630603659969,1
Healthy,0.33393388971530796,26.835945812743756,0.9247629716242942,1.1270168471964248,145.10115563754448,11.590364008903931,1.0287519176041409,93.63925816906051,1
Healthy,0.16719375087674873,29.70928497487131,0.9744133987774557,0.6885327284439813,124.5237940120952,10.645079275871199,0.84492365802304,85.77582587434186,1
Healthy,0.24230568504613342,33.92498305586096,0.7941180487202176,0.5836341770609219,131.52794180663963,16.169633262122513,0.9580776805074757,94.62318666658594,1
Healthy,0.15878712646990156,25.807985815962866,1.033006204622636,1.0482413183974595,159.37393278503347,5.77241946348839,1.0732519494193828,94.41557042821766,1
Healthy,0.31222139112679403,33.01119316018603,0.8591892317948842,0.34898731761018253,163.49333253473205,13.66918980402268,0.6127097651096115,80.31235161361971,1
Healthy,0.2579227856805761,33.28170214926858,1.1624173298735343,1.1417903452002047,146.9760447923525,1.0,1.037966870467595,99.97343306624961,1
Healthy,0.1687945675416947,36.927028480646584,1.1541687215898273,1.3465155327559268,138.04143062367086,11.898134681756563,1.22734669327852,97.89298308820702,1
Healthy,0.3499732213635022,32.523718664104976,1.0745991389764704,1.143343131866993,156.79544702961016,1.0,1.054232419997071,97.97707944536823,1
Healthy,0.14761272338879836,35.57919633771928,1.1474185985508172,1.416417314896692,156.7369494436087,15.05207376420442,1.1067560284565745,93.1226424526547,1
Healthy,0.16252229036304136,31.127036436835066,0.9984365167872409,0.6658746056592855,149.1527035131048,5.862752727454275,1.3119321080766422,100.0,1
Healthy,0.2509156351273173,30.87350248968574,1.0040523648395632,0.9428636119626856,132.75410740889956,5.955101769246416,0.8215742865271185,88.85812684487543,1
Healthy,0.2908977451638028,31.49211954525773,0.8424681435899772,0.9513340906940334,163.09564875901836,14.203201753226129,1.213517628108261,90.3661895659825,1
Healthy,0.18239637376246792,26.00424322553419,1.0256061513285295,1.1298596788053819,171.05820850959458,13.705960351692088,1.0033746152644876,79.77254238080161,0
Healthy,0.22447147223912817,30.68372359855422,0.9797702256940839,0.8471246344545615,153.6820211020119,3.791881466280958,0.8236066201940582,99.8454459919284,1
Healthy,0.21784059358966362,30.757887142193223,1.0220156095438642,0.692215671937977,142.69642298994296,14.878999326111543,0.6673964251829511,76.45160613060351,0
Healthy,0.10105238774059908,29.65504197624014,0.9908667460421908,1.0192006247717564,169.26263869161548,1.0,1.0919056085677203,100.0,1
Healthy,0.15977753880866288,28.400009825161355,0.9250219305541171,0.7811609685152598,143.43020266960548,15.577102055812844,1.3495153107360693,85.16268890020565,1
Healthy,0.40240481712515763,30.581732120821663,1.1700245777731098,0.9205346921032171,155.15736761665428,8.013768753424785,1.6794814824866622,99.64573771882192,1
Healthy,0.1934188376038829,33.22174905877715,0.9629085786707199,0.8826733556263024,163.86997617434673,7.174408765855202,1.0319550400991728,96.87743375377389,1
Healthy,0.27692665012843476,31.568160591411825,0.8278271080667873,1.1772160196657173,131.18857722791734,1.0,1.0314535312675193,100.0,1
Healthy,0.19451950683421754,32.74217002234056,0.8747657955733558,0.9054739229517073,138.3877981613924,7.2828294504272435,1.0377186233603193,90.37168075532128,1
Healthy,0.30794261419649827,30.394336131760944,0.8343602463376479,0.43131448172005693,146.8213757472087,5.530663578696102,0.8350761954435949,96.24417607691838,1
Healthy,0.2680447871608145,33.37090799595149,0.901444141890285,0.6655322784814923,130.73281282782702,8.655899708633516,1.190271492922591,93.10978840122704,1
Healthy,0.04986401246722764,23.43561701826537,0.9090158159457372,0.9138835071378102,141.82806665094765,7.6051588564867,0.9098866840035141,96.87328078903032,0
Healthy,0.1959186155454905,26.819642988472072,1.0387722877104808,0.5889487049797648,156.93296846390868,6.560582786054246,0.8647998284629443,100.0,1
Healthy,0.20022340437642255,37.06171380996354,0.9757290419195849,0.6598572038765881,150.68183605046974,1.0,0.749578014450177,100.0,1
Healthy,0.29444656709201,27.955752750386125,1.0924221884215368,1.308545873763714,174.64442749660031,10.23903905975254,1.3770907850997822,79.89742983458531,0
Healthy,0.224567476109723,26.889184031197175,1.0086957255902431,0.8488956019865105,147.49799758942865,17.93866613165586,0.9248855452841445,86.8653314165349,1
Healthy,0.23141845360606117,30.2092518686671,0.9990549775277313,1.1320342797103633,168.627910164254,17.154102679874313,1.1011249879476075,90.53955029351442,1
Healthy,0.15793083926515464,29.41622391934079,1.0772605189807354,1.2746954250139988,154.77644506637404,12.4041914935513,1.1766425322321399,97.52821870631936,1
Healthy,0.2731487325565689,28.824502093171084,1.0320776117284975,0.3,156.70356879327375,1.0,0.445838050370808,100.0,1
Healthy,0.2882023469813436,26.046106310454274,0.9389670039894031,1.3703806553684867,141.15692396664642,21.564481161218467,1.0921727961433254,83.4242959185854,1
Disease_Vehicle,0.2293499518798886,16.846644762316632,0.500137037888219,2.2240038303676375,82.99269490294648,26.138735520196573,2.024717901896928,60.3438458772481,0
Disease_Vehicle,0.17394862057499474,16.342987421373376,0.5604642722227182,2.2443870422244303,88.2183091945076,37.70687364925123,1.866160070248844,48.990767737695414,0
Disease_Vehicle,0.1883743372322024,14.821943958980048,0.4595541586448575,2.3933365405959983,90.24589175213043,25.72505658578261,2.173820112550993,68.32661966133217,0
Disease_Vehicle,0.12995091613650106,18.301787941574386,0.4560118544627526,2.3822084227511593,77.9262972288024,32.01160476637793,2.3120743397601298,69.84743601588767,0
Disease_Vehicle,0.24354960436802872,21.03247636337475,0.5816078920027258,2.348519284118566,97.29810800459695,34.81445891201754,2.1408979423701813,65.3104374796679,0
Disease_Vehicle,0.09525738831792543,13.433267887645961,0.5423180151402067,2.4791548198541737,84.36961693172302,36.625661410077136,2.2922061382480257,52.11038282714021,0
Disease_Vehicle,0.1604998530903845,17.507448671375535,0.47370681042519763,2.682670392950514,75.07480668754289,25.47252786423874,1.9657579821286422,59.60017594736439,0
Disease_Vehicle,0.10417386549260269,15.054044827065978,0.5500190321517548,2.4720556974126833,89.89834835781484,36.42028442578056,2.233176184965483,59.19300736362857,0
Disease_Vehicle,0.01,14.454466117074386,0.3765810941959473,2.3415967795033823,81.26433213993752,41.576900642569164,2.3716787612744925,52.22780944570351,0
Disease_Vehicle,0.05997111380824802,17.577977235334828,0.5292851017454716,2.3136201677629753,99.86531290279078,30.98490164911658,2.280654342574094,65.42327323406144,0
Disease_Vehicle,0.023616654629534283,19.179479412649506,0.6367603034537981,2.355273419344007,73.82451013372592,28.614748906511807,1.9955325879173367,67.47145530213201,0
Disease_Vehicle,0.023549986607888172,17.30194282999321,0.46212600132957576,2.2696183010443614,84.6326320971165,49.317261464464764,1.7893951310466096,55.359443925364914,0
Disease_Vehicle,0.11198739311898241,17.475063892412816,0.591610303654457,2.4203279215030213,82.75002379598794,42.895295109824055,2.0296583286463163,58.56220968066393,0
Disease_Vehicle,0.048450630382958174,15.63447042874437,0.4793994207245169,2.44544892106327,106.31120488386584,34.43036423885431,2.0930473765509574,50.74868908775562,0
Disease_Vehicle,0.08165658771581535,10.3701898541221,0.49637350821257076,2.3699202872100225,104.59893431168862,51.49686469252165,1.9884313530869075,49.23642309832858,0
Disease_Vehicle,0.11950019843213183,15.529133831684078,0.6204935165299242,2.3105115459791423,87.49521490733413,31.328063015818724,1.7950437613390384,50.593278671222976,0
Disease_Vehicle,0.15225959066249817,15.188328456687497,0.5305327662839449,2.2840907187506088,96.82850583976105,35.34716849795594,1.9516905936266395,63.79302000954144,0
Disease_Vehicle,0.22633484023853057,18.109952814345576,0.6777365032400505,2.603531605024381,104.84084612079313,37.7052392532842,2.3075192516125695,59.419743726059004,0
Disease_Vehicle,0.01221298603623652,18.18917000711726,0.450953781481509,2.1082376074523013,103.53420915159657,39.432073502180735,2.3792870255939653,53.33779690040201,0
Disease_Vehicle,0.01,14.8884698102538,0.5819828167516516,2.3536168405752025,103.17457836163696,31.92771423061982,2.190851793940444,53.059147605048786,0
Disease_Vehicle,0.13602538224350505,16.118956072380243,0.5153988301338739,2.2213588948058143,80.89036699816619,32.60939403278581,2.470034797000344,58.59318240335222,0
Disease_Vehicle,0.08048831118581298,8.600386581921944,0.49796040321671203,2.2331685322371864,72.54964443907454,42.648820205440884,2.0470058224721286,54.371841280709965,0
Disease_Vehicle,0.10493637072402945,16.145106539647607,0.5724032293637972,2.299335220700598,112.3639781773461,20.1265867047111,1.6594937413986401,65.926769573683,0
Disease_Vehicle,0.10116223055500552,18.418852178339062,0.6226708262668732,2.1920043636991884,102.07277396467192,39.70915618871352,2.1134938138045416,60.65993179095367,0
Disease_Vehicle,0.12181162107457032,14.100244269483618,0.644548445195966,2.32333760694593,86.18330956159917,42.49710597585351,1.5666425334576635,41.556356760049944,0
Disease_Vehicle,0.01,14.45858773350918,0.5498852647210573,1.9094488186235463,68.69540624800581,28.23453597777933,2.5429955049125827,72.49797554436492,0
Disease_Vehicle,0.06706004658522806,14.628638623681889,0.4739364439798717,1.7772524679920951,81.22077300910131,27.603774372640807,1.9506460000323818,52.69292858183562,0
Disease_Vehicle,0.03904204333517938,16.337320963565446,0.6080822272673687,2.4382274332804514,64.37765634430005,39.23607588377006,1.958510285067706,57.81067935876706,0
Disease_Vehicle,0.09914890587054455,11.180090470838817,0.5514741190573366,2.402599730723164,94.29398023062565,33.530427362435795,2.462641288613023,61.528777018474,0
Disease_Vehicle,0.07946767068801978,18.563829354543365,0.7523988273219784,2.8561220034784403,68.45518079863565,28.518652376082102,2.5657126339510574,57.57368940683452,0
Disease_Vehicle,0.01,14.028320542553336,0.6106204038527127,2.3028289221488927,75.14214934285935,29.776660650834454,1.9439930763664275,54.91860603291078,0
Disease_Vehicle,0.28253063018208496,17.588880639695695,0.6744107653109932,2.0991725883629715,83.7240869406211,28.750556696637855,1.4664173134085186,54.88482736541994,0
Disease_Vehicle,0.01,7.855756777169375,0.4652176923131707,2.7024875902268564,82.2229397783674,43.23705160050174,2.2910380644749067,50.41916574019119,0
Disease_Vehicle,0.027928240375633993,17.617613060801247,0.6398185402967418,2.163763874043094,95.02937965520002,36.76574305775473,1.9450393918621554,50.02136279665099,0
Disease_Vehicle,0.01,16.032769396725115,0.6022308881910383,2.1095927674717836,85.82552144865627,36.909022422628254,2.188400149094312,65.0037244206674,0
Disease_Vehicle,0.20215846657584347,12.801955385079628,0.7396954361844895,2.1155711154228545,104.59248285059167,33.080889370045305,1.9632199155951806,45.97028057636194,0
Disease_Vehicle,0.08627483918269215,10.500983193978445,0.6659589183604648,2.729505750285047,73.79668470174133,36.155082445522936,2.0477903027295072,49.20561557914798,0
Disease_Vehicle,0.16195957630922972,16.050994812475746,0.7415250898785294,2.1432890542549514,103.89683293740536,33.301908046985425,2.235893425707469,55.906124505917425,0
Disease_Vehicle,0.09603529299587339,15.583859801441347,0.504437683103549,2.4867704771343346,94.0438623851177,38.388243025080776,2.4848250631454656,62.935790268218014,0
Disease_Vehicle,0.07000442481206917,17.21569638895583,0.5214762919517263,2.317037939827851,74.35058206922923,44.10563998276165,2.184273078032415,49.33673107853764,0
Disease_Vehicle,0.19548948574851016,8.689314522961588,0.4063699253220048,2.4894135034495584,82.84215382567398,36.92328525653165,1.8555462331323092,51.13555824344944,0
Disease_Vehicle,0.2602807528321074,19.365540927781844,0.6080960492894217,2.1209666416793795,79.19256325729928,20.698169652422127,2.1119225530225005,75.73368748562253,0
Disease_Vehicle,0.01,13.415040876926145,0.468628183098992,2.0612016654535457,83.85101332493225,21.68422130238229,2.1754399128019406,70.82477790385195,0
Disease_Vehicle,0.079911792957047,7.257255593925246,0.4887152670963486,2.6522434140137885,38.90896631607711,33.167054752288365,1.9284606822406503,58.248131364033476,0
Disease_Vehicle,0.045990883828523094,17.25181172406021,0.6265707084315002,2.8330464257844223,82.59120165296109,37.042934818715516,1.9065494010380697,63.459220559226175,0
Disease_Vehicle,0.039159292154290835,13.854838302155763,0.5731304418359142,1.88368663105084,88.53666841590947,39.01338824863626,2.0603670989321143,43.1688069973121,0
Disease_Vehicle,0.09009525645362725,18.567386929789098,0.4101886315793585,2.0025321763722705,95.96809303373277,36.044505168452105,2.1162667921609537,69.06179686885164,0
Disease_Vehicle,0.13748422228049623,18.415060703357614,0.826965835232089,2.2270152459364887,76.67926081628168,34.93901386996324,2.1783318379496794,55.537532974366734,0
Disease_Vehicle,0.017408238435612202,23.836680192622108,0.602808571409771,2.1238672097549545,100.06543912184947,32.856012081683275,2.0003328842488157,66.9908356817136,0
Disease_Vehicle,0.01,16.964195213710102,0.7449659326958576,2.4620297454152467,81.94999312799001,30.29163221208589,2.0502326422178876,60.02143529027066,0
Disease_Vehicle,0.06977547737933824,19.116416475898998,0.42159321890153856,2.551938597032629,76.07369353794672,37.71600459482826,1.9150473090139672,64.86883261077341,0
Disease_Vehicle,0.19965079681374984,19.657519230566507,0.45164413392368136,2.497276121013682,89.16727581279761,25.533059955689875,2.143973605823841,69.15527050798758,0
Disease_Vehicle,0.14448602190585208,16.75387285003855,0.6097697092687323,2.6970410821638184,105.15239732540806,17.41313418601878,2.129423788476665,70.7339101959444,0
Disease_Vehicle,0.01,16.05964070381309,0.6851881995169455,2.027260999314634,92.27580261034296,27.32845193774897,1.8839946046191296,72.23738467710889,0
Disease_Vehicle,0.056595374391054006,17.487529834710347,0.4081179995057954,2.8366405361536975,91.54856313200831,35.00957401937106,2.3607803662384015,49.625942111642495,0
Disease_Vehicle,0.19460245934021259,15.14986066378313,0.5692019403928578,2.1292255670405895,75.51521248314208,37.89126316149448,2.1136058987830766,58.28739471749253,0
Disease_Vehicle,0.0992964248411543,17.794088613293596,0.5422473270340388,2.9245711669002694,59.233565223724725,43.04128231297422,2.557082430883681,46.73047448180321,0
Disease_Vehicle,0.27834188884447786,20.019241656842045,0.6816698617216203,2.245426551271678,83.35443897949034,32.02438096997599,2.1722733690082134,70.39915786832782,0
Disease_Vehicle,0.11450513742891358,12.853462731306225,0.6553588466089613,2.552845410890422,96.83101169412589,38.52653118127697,2.103607164087888,46.91691769097868,0
Disease_Vehicle,0.03054452554873762,10.067512207043709,0.5957689370830345,2.3009437567544957,78.24403759501928,16.173560944940363,1.8258260958559072,75.42670247669292,0
Disease_Vehicle,0.04682991999494952,17.102560631783792,0.45058470490182284,2.721447063062352,80.366082127358,37.35962827561498,2.7170333199795587,65.07247436211472,0
Disease_Vehicle,0.07547475029703539,13.850153603844849,0.5487389289870049,2.4513553469694673,82.75371457375215,32.118812249996076,2.460618711898356,57.52978301164302,0
Disease_Vehicle,0.2839671274429856,16.86950035546156,0.7553960256756642,2.3356609437539304,103.56449763415311,28.671279424347528,1.921088206969252,65.54291240388883,0
Disease_Vehicle,0.17908425939722522,16.378150535193296,0.4705513405942452,1.8914481666499592,60.195741695716556,23.233855612098164,2.021948820740849,73.5900693616856,0
Disease_Vehicle,0.0989267370460153,8.085328560455562,0.5627456975335717,2.2547919229767643,118.22540255921132,25.270282183234762,2.0027489081723684,70.47008747295291,0
Disease_Vehicle,0.13599826730772385,18.07959055923066,0.5931924607167669,2.37978479726633,97.67921677735838,29.22349691687546,2.3131190866763864,54.830938700724786,0
Disease_Vehicle,0.12626943782652306,16.704401684981715,0.5266351770888321,2.284453819669536,74.07879074495013,27.858888615635614,2.018318211762382,56.711598306250565,0
Disease_Vehicle,0.12582379712745986,12.052172161849105,0.6461438358393914,1.9601475319853192,77.12987039581294,29.17581159964322,2.3065691633487946,61.47239369109443,0
Disease_Vehicle,0.08306129579644847,17.694701931133377,0.38899759240404386,2.2938511413717886,113.522183508149,35.92779576673535,2.113403682560201,60.763354823144915,0
Disease_Vehicle,0.17164841946514764,9.223811833280934,0.4343224901960194,2.333804614691319,70.93977983316819,42.813825861526006,2.0391127878980804,35.27604199646905,0
Disease_Vehicle,0.01,6.1061339312929865,0.5517287016445378,2.2787524443659724,77.69971327309132,40.60040691304315,2.3583624751251655,45.7610242882046,0
Disease_Vehicle,0.01,17.890485531722906,0.6227824205657718,2.4181296396439445,101.47375955911374,26.990596177127024,2.5714585948717166,58.98524785848091,0
Disease_Vehicle,0.15993783417606838,10.274096572081474,0.5010712048797809,2.70360497912147,79.40488451982246,40.32031835976104,2.2530314302986016,48.878454319439015,0
Disease_Vehicle,0.20910802599461517,15.499018191702195,0.42846221239885685,2.036904965155407,91.09138748240653,36.75609129409272,1.6894734262370554,51.148482763297935,0
Disease_Vehicle,0.05346229206382028,14.581243296791673,0.4524447603909659,2.1403442875042087,71.04623792288494,39.075219571234136,2.238092760293906,52.213707572554796,0
Disease_Vehicle,0.06863681633034148,16.395645541127923,0.5039991856354256,1.989864131277497,68.58844599862618,30.026854164913694,1.7665017968650747,62.38826134712305,0
Disease_Vehicle,0.1583772539026967,10.620287708914244,0.5869317643216587,2.217985938459482,90.5889107263787,33.71674868236748,1.759704643029912,47.424437886311566,0
Disease_Vehicle,0.10235388604679782,19.607794877249678,0.38091144748987354,2.395979582228063,100.45035813942002,34.468335222279606,2.245039444682833,55.5715942631393,0
Disease_Vehicle,0.09045070405784986,10.29815479809502,0.3682451585669293,2.56731667792283,65.42849401061366,33.071995334423505,1.861811873761265,46.86147839281496,0
Disease_Vehicle,0.08609298399243069,13.404758772502529,0.6129048285389173,2.4315782129169348,90.72588125489422,35.49733220017102,2.4800035583142486,48.83942688909538,0
Disease_Vehicle,0.09560521070376658,19.95123000392986,0.6934569996967246,1.9034443544372013,82.04453892804712,40.67487328589762,2.1126384917530947,56.202417562518455,0
Disease_Vehicle,0.08258522452522747,14.604452433598574,0.6045465336401473,2.235430416420515,84.76057966881154,34.19517386769038,1.934681867836559,60.19930860929547,0
Disease_Vehicle,0.33313957187323356,10.479965477978437,0.6278122929269568,2.0055479250310744,95.09906251299321,33.40356693246757,2.193995031547111,62.21816519986568,0
Disease_Vehicle,0.11539368942145452,20.00836407771399,0.37024468471273536,2.739938852118977,87.22539875510668,42.60546973043263,1.9416120491646098,48.53602337265027,0
Disease_Vehicle,0.11167506353158194,15.975392577913624,0.6064101780034256,2.5995779728243367,57.231858159216074,40.283609307931975,2.176716513396828,51.7356569336553,0
Disease_Vehicle,0.01,17.490670339319028,0.35553029340720665,2.5130503231468393,57.08585191376186,36.09366636155528,2.1270454365745675,64.2366979981105,0
Disease_Vehicle,0.08570758647888879,13.527637795426838,0.5332623642809028,2.6614095199836947,92.73947406395055,32.689464965143,2.138334167603731,48.16194816162902,0
Disease_Vehicle,0.1310779360681233,9.93387883127024,0.6501479168106409,2.325136768273711,124.4538912957743,27.028572713337738,2.0836985320394885,70.72719533363033,0
Disease_Vehicle,0.19531117122331315,13.84919133314029,0.6077819622514753,2.2672009098680643,90.01136919883308,29.5756274303183,2.0721497388728545,50.66069860396925,0
Disease_Vehicle,0.11080987614944657,17.607501985424754,0.5603970429540062,1.8440022939839527,100.46365657879551,35.39277255820068,1.8262772520017734,56.16668046366593,0
Disease_Vehicle,0.01,12.141064552777335,0.5243969788278574,2.675457827438442,73.76709136470183,38.925815737882296,2.075434892230063,53.23167150647181,0
Disease_Vehicle,0.08868835982849584,19.02176317981009,0.5309620483466094,1.863651164059343,62.00613236842084,30.230265074382487,1.7161195974656642,65.29011794245737,0
Disease_Vehicle,0.06273854681135378,24.199338565526574,0.42062477018256644,2.37005879865477,64.08399748719549,32.13596093391807,2.1486269837986125,50.458606142935764,0
Disease_Vehicle,0.11894608934304221,22.717014385988712,0.54070624029427,2.366115068635478,100.69145941530326,33.38427169534336,1.9887175256819432,48.868372852988024,0
Disease_Vehicle,0.15127925755159788,15.757748338603653,0.49296079397919323,2.3174993387346947,74.09440858272657,31.386677126901077,2.2377588890275897,51.91501283369827,0
Disease_Vehicle,0.18378522288590068,11.359454097743289,0.5270596910788983,2.809100106328576,102.08475062569893,35.9214660211564,2.0203583791718764,50.502865801521494,0
Disease_Vehicle,0.10586202516685572,16.148917388689163,0.5722905783470118,2.289315187248029,81.43122865496439,25.373014490573905,1.9836964335366243,70.47868316467545,0
Disease_Vehicle,0.01,15.066555709612526,0.49902214641062403,2.362678120231471,77.32426773832215,43.475585351847215,2.227117823979724,41.988646149626476,0
Disease_Vehicle,0.1536982409290959,13.449813225870066,0.5323661858503496,2.3690749413048104,76.27463262962414,39.78108766544526,1.9468765217932558,48.131338487617654,0
Disease_Vehicle,0.047490328516151294,13.862735366305818,0.6747264662805953,2.4944413472302314,114.06417965724386,47.426389120172416,1.9218525897824432,46.39904468760929,0
Disease_Vehicle,0.01,13.008379252881065,0.5160925740769897,2.035496635241283,67.01946996701119,32.9887315548991,1.7661961067653114,62.06680406263516,0
Disease_Vehicle,0.026579717006598867,25.61323054635717,0.5335017767737323,2.345862038784465,63.43757303047062,44.60726396569237,2.357755659472758,57.06362237967708,0
Disease_Vehicle,0.01,16.46733407203617,0.47187120585844705,2.740959473772541,96.00079741510281,36.10332594332082,1.6742372225287243,50.697243816610865,0
Disease_Vehicle,0.15502089052798979,20.410155592615013,0.684226954276531,1.834979047687596,91.70092208598402,38.53768766861358,1.618910937493805,56.96851612843873,0
Disease_Vehicle,0.1219073918646765,15.013046128630457,0.415058024363066,2.201136942026719,76.79415755445481,33.90349131058852,1.9513205219131646,54.826961709258654,0
Disease_Vehicle,0.09682349741224178,17.539061609630714,0.5523474711358792,2.186410075962675,85.97991909251715,22.413239769738983,2.1765502469804896,68.1894665672495,0
Disease_Vehicle,0.10317548212780495,19.37209652296404,0.40450064086588206,1.7462150976947584,86.22187306076219,33.90272521942313,1.9989927019259148,57.32831528720524,0
Disease_Vehicle,0.1531482939391945,19.423680832286504,0.6278102699707729,2.2083661287679988,52.13755465764347,38.14528788593413,2.3458718387598703,60.60532866252848,0
Disease_Vehicle,0.029628605810599482,18.14716619526895,0.651817962181378,2.761098537350034,72.27496453161748,33.13256179434697,2.379674485589069,60.326710710312746,0
Disease_Vehicle,0.01061379183589802,17.182998373101153,0.6249286503902368,2.3559147838301158,89.32207454190336,32.290022255204434,2.4392000618150624,54.67362811742108,0
Disease_Vehicle,0.05301433897889769,15.897492314283033,0.6553470096113921,1.8971804937309154,65.39149817675803,20.515907883385164,2.0064880729884487,62.01593417862242,0
Disease_Vehicle,0.06923599119856667,18.22253163821668,0.5198000344254291,2.375526369448644,79.12699409563017,38.54493842292334,2.223409767178723,51.54596606754368,0
Disease_Vehicle,0.08650785972796379,19.61262547120562,0.6143245471011057,1.9135728729248955,96.10773082656203,26.51353472862572,2.3141460936226457,72.30134053886894,0
Disease_Vehicle,0.12319083807347207,16.619887466247093,0.5630423640034099,2.4818699130662925,78.76231184066839,35.87890486595149,2.337293038900852,53.49796932583352,0
Disease_Vehicle,0.05070458080074444,11.671834559866626,0.48025381931270406,1.8053027095161185,94.88182937187715,44.46256975565264,2.2898980449424973,37.27653799963877,0
Disease_Vehicle,0.157988373724496,21.151337345905937,0.5435261716314799,2.30810934977844,52.21718227649192,35.83547867762785,1.8680441969689723,60.82022957291037,0
Disease_Vehicle,0.01,17.630003785671587,0.665006140788402,2.1122096387197526,68.33934923162428,20.178244177409205,1.9944414321833992,66.54584332378596,0
Disease_Vehicle,0.01,17.3155656470926,0.5323026656321815,2.0302939315793345,75.26828949113212,40.174599102943276,2.1652196105209827,53.06950373691,0
Disease_Vehicle,0.1495284014771882,12.08539335707798,0.5868755811836077,2.3239153120191958,77.60637632532531,36.61932715268125,1.93428346798302,56.614698538758496,0
Disease_Vehicle,0.14414870172250335,5.922386522727779,0.6906594094537108,1.4312108360983522,77.13508496126879,37.75055342102097,1.8129996294690514,40.155873282002645,0
Disease_UnmaskedMito,0.4625010350626664,26.331673217310165,0.6000646750556359,1.8967421459974316,113.87953056632482,14.618724259006447,1.408400220592766,76.2006784765711,0
Disease_UnmaskedMito,0.6192980160686823,25.77139138237598,0.6308193392366505,1.4127399011905477,101.50377750875128,28.381623577717416,1.1186631693098241,80.58291059536174,1
Disease_UnmaskedMito,0.5473364208386451,18.925238840185628,0.7188322371062567,1.326478977291308,96.50508583566452,20.48892569032733,1.1239783231706213,60.08180549942039,0
Disease_UnmaskedMito,0.5196258823321462,16.598880959533847,0.7098755924604948,1.3060821323748093,102.79830351187587,31.938689319527573,1.4014310778710077,64.08060317407025,0
Disease_UnmaskedMito,0.4078881362926165,20.284793441148622,0.7880082875981455,1.3128710566819426,132.6731546730544,12.261512872368835,1.327717214280147,77.04535592694076,0
Disease_UnmaskedMito,0.5631456527505533,20.79772170675767,0.7566712257836599,1.4792825958394704,105.82987794584507,22.90910104795966,1.484766091424101,71.81966851416787,0
Disease_UnmaskedMito,0.5155633333230434,25.68459410678912,0.7560199847225672,1.4761775927456724,119.24340020321623,30.175755374981048,1.136666032421753,74.08929352242076,0
Disease_UnmaskedMito,0.3985463071009516,23.306094975103036,0.9096411590528619,1.739835979365513,123.06354211958819,16.239128191595405,1.50428937894886,77.67997753936535,0
Disease_UnmaskedMito,0.4871218713654916,21.79680095993443,0.792824054165619,1.3571865658334987,105.3303238440262,11.375968181120237,1.487756147197932,85.44924560286682,0
Disease_UnmaskedMito,0.5685328355389214,26.433695231167096,0.7893907141803792,1.6532765700237895,123.03043166544784,19.600968738456057,1.3590383403174249,91.66435784268687,0
Disease_UnmaskedMito,0.5138439216117193,20.56095977591363,0.8161683978394473,1.6331738637184998,96.17436639934482,26.685406867782746,1.4500706593524415,62.522663800027644,0
Disease_UnmaskedMito,0.64510272914831,25.475172688031467,0.6737994390565525,2.0143252400702543,126.62914779687702,21.504677152050917,1.9159294472543549,77.23714859415598,0
Disease_UnmaskedMito,0.5477533539916775,20.68220965589807,0.8321868078569713,1.6842351569536274,119.17424477966087,15.215431343559809,1.512143357154943,78.01818800411816,0
Disease_UnmaskedMito,0.44332205450126394,17.528622933869144,0.8223295684529804,0.8588085527100846,122.04850066353382,15.49514134817934,1.5650163916911013,73.36025142685477,0
Disease_UnmaskedMito,0.6027587371401517,21.769077767088184,0.7944580327849651,1.7378486706585612,110.85935312893609,26.26827845159775,1.278348634701214,72.01438095432499,0
Disease_UnmaskedMito,0.6238111778230283,25.531564754735257,0.9583849331320292,1.310403078914955,99.14454077479911,12.484485908067018,1.5353981343693948,86.51888773200382,1
Disease_UnmaskedMito,0.5581805327717934,19.094191926440427,0.8496724990213589,1.2042194757877211,137.79729830041487,36.03503449628648,1.4441741211926713,64.32713637278152,0
Disease_UnmaskedMito,0.5105712184883553,16.54596703166121,0.7226009548063483,1.2577894060214259,93.81474396387402,30.094132735178658,1.4369771054710263,66.3303995145377,0
Disease_UnmaskedMito,0.5252782107843,22.320785843800873,0.864831818264284,1.5495982329908347,128.01807573715283,18.314179769325868,1.3746259222866581,68.49964269720866,0
Disease_UnmaskedMito,0.3917800750106298,21.609873571299484,0.7724271082802413,1.2452605634678182,117.31209010849022,19.7584738551972,0.8994933795338912,69.86839710174493,0
Disease_UnmaskedMito,0.5825811114988375,24.452448887381617,0.6787757464439286,1.5829620651153329,132.53647904175827,25.335707405512483,1.4372776431357677,69.79504552807323,0
Disease_UnmaskedMito,0.4996524412532397,24.48632656394352,0.793531552883119,1.7438547672699822,120.35354896183458,25.2191039193259,1.5192740490681895,77.42464509969551,0
Disease_UnmaskedMito,0.6196658216293311,20.393154259101145,0.6228403015119793,1.957794962113809,119.27766511861182,11.471632742179011,1.3949084511403358,85.88983211593644,0
Disease_UnmaskedMito,0.5276258535093686,21.14066259291116,0.9042894357089165,1.264590550284254,107.46675611868315,19.951763336604618,1.4645477226229175,77.9010450925074,0
Disease_UnmaskedMito,0.6228990435655158,23.913722303081858,0.8298764779896981,1.451906742143846,119.90094945560199,20.149759696671307,1.4727982754161495,81.06366447000863,0
Disease_UnmaskedMito,0.5944116545555865,23.2879944738174,0.7107315937197534,1.5534038731631035,116.30488412862366,21.581507662886874,1.936286535861664,71.76495388273352,0
Disease_UnmaskedMito,0.5837831215300288,26.84096659994513,0.7915228219913468,2.1927725408326966,112.15878212814061,23.160943483637595,1.434955871331718,73.66667676219724,0
Disease_UnmaskedMito,0.5699147128317327,26.02180835657225,0.8103117120886603,1.8955820083226196,117.02616584811314,18.516282565079248,2.1312722256821197,81.36548485853214,0
Disease_UnmaskedMito,0.49244147632171625,20.397401261096906,0.6905541257979168,1.8323849029273,110.55993757807065,21.865619905006014,1.506624317355406,77.33489928029893,0
Disease_UnmaskedMito,0.48226047256927845,19.03227841620728,0.7947675954518858,1.7419774343167238,123.5863337276962,15.438626921338168,1.6470410238392874,72.80529995008004,0
Disease_UnmaskedMito,0.5082769084170894,19.57099338872426,0.8937664040520499,1.7419611135416766,129.72768928379887,27.184592329625755,2.1167731129979384,57.93956554607302,0
Disease_UnmaskedMito,0.4909298735298314,20.66617682597866,0.6987006238679442,1.2689512349355196,111.74216220473714,12.626076434926947,1.4534471295921108,80.80903487621732,0
Disease_UnmaskedMito,0.5884822931810925,24.89249646027716,0.8373492002628883,1.4319766950759307,152.97058004687065,20.82644488746712,1.0107475281915277,70.46008749159529,0
Disease_UnmaskedMito,0.41075976087777477,22.642950484662897,0.757898310705422,1.4675748882809305,149.77698739110582,23.261657156790793,1.5891353615884263,67.59000363771248,0
Disease_UnmaskedMito,0.47006840869351907,22.8890244729199,0.7891761152641819,1.0582088181652203,115.28025770916273,19.04579344198638,1.2797193880716566,71.81643745608278,0
Disease_UnmaskedMito,0.5068371854463088,22.251504378834138,0.7847189769606091,1.734448628207951,135.37864086450492,18.57449705348875,1.395757793906609,79.31723902571532,0
Disease_UnmaskedMito,0.5988675933128684,21.626901263532506,0.8550448203919849,1.8071802378641686,140.0177902175945,30.734016993695363,1.3236835089609655,66.67231641915828,0
Disease_UnmaskedMito,0.5509022157294928,22.6594491573247,0.7216385144934472,1.1337268635899775,118.4323643973461,14.907488682931797,1.3648502816619719,75.10541729785626,0
Disease_UnmaskedMito,0.46202733233245274,23.556126258316503,0.7865451239991809,1.7429893856535028,153.09163249466727,22.010445214577,1.6049653351674842,68.25995161012435,0
Disease_UnmaskedMito,0.4470474047570901,28.231045277977938,0.68865061218657,1.2937290683237987,115.7301282798934,19.494399983263847,1.1873808356634257,77.71326786789709,0
Disease_UnmaskedMito,0.6483500574120084,20.474072541324734,0.6624374810000052,1.7795036937577389,123.76062524900868,17.44127077762348,1.1592991798915127,72.06368676406467,0
Disease_UnmaskedMito,0.5456236450520583,27.066723249749543,0.6863575138658955,1.527866157408567,127.1167498079045,6.229983190890237,1.6718994962986995,82.3613439638989,0
Disease_UnmaskedMito,0.5765596394765549,23.943069942067268,0.8797375463898705,1.6949629528333974,81.75862796733796,14.982825144391626,1.516645866666071,79.40970253300834,0
Disease_UnmaskedMito,0.5882088583805417,25.877409519985594,0.8378173649491145,1.47662991565156,89.49932039115637,16.77346814847953,1.52325847150346,73.76498767790487,0
Disease_UnmaskedMito,0.6005019784097262,26.330882475664744,0.7954581861394039,0.674465944989125,97.82883354712042,29.47331772447832,1.110878171781038,58.51501596704222,0
Disease_UnmaskedMito,0.6488197910648218,23.34320394359732,0.887350227291381,1.5929615021887347,127.26925027063956,21.619877126916283,1.6141878041698035,88.57460335596195,0
Disease_UnmaskedMito,0.627680506876735,17.701853908170833,0.8264139769252401,1.8424264376620438,138.07866448923266,17.746739115418052,1.779394387356899,80.19017544987528,0
Disease_UnmaskedMito,0.7558013949575785,20.992398108002945,0.7507980597205681,1.3922561781960605,109.63081067434982,14.519599499487091,0.8027754333007916,76.5715624228733,0
Disease_UnmaskedMito,0.5795486447759924,21.362369475057292,0.9565481980996993,1.5434032018888442,141.83433244874075,20.496039691559304,1.6301604086487278,76.29603925538831,0
Disease_UnmaskedMito,0.6595027705522851,23.52429603712026,0.8334110853721736,1.6142472517287125,114.34883220666202,22.237921904772445,1.957626787095668,72.90185844588154,0
Disease_UnmaskedMito,0.5835571914282599,27.502897902327827,0.885307370599246,1.5415355799615313,81.76131342346864,22.451443848218386,0.9595995580933111,85.56020704846938,0
Disease_UnmaskedMito,0.5635579096954609,26.539532798638344,0.6998946303393423,1.1105526390825735,120.73017349236683,19.40011685639224,1.231999178016067,79.1115938784658,0
Disease_UnmaskedMito,0.7713948713625809,26.585024029879442,0.8921664642367052,1.7088141246580364,143.69039065789576,18.504199426491372,1.0376560434759443,78.2161380786985,0
Disease_UnmaskedMito,0.6149388567997202,19.800515187496405,0.769322172999938,1.3335758720794504,141.84026714348897,24.127960798598657,1.5392329045615336,74.50754835234474,0
Disease_UnmaskedMito,0.5470200597958299,23.68250716823375,0.6730949925357578,0.9388392250213006,118.47700795116403,21.363050032460922,1.563248011308908,84.74707917146573,0
Disease_UnmaskedMito,0.6755998787999158,19.883717059871174,0.7583441371585141,1.6405336452668158,158.1206693127281,29.191597689866043,1.7189007869563475,64.45022435073413,0
Disease_UnmaskedMito,0.4793440295075901,25.549209680364108,0.6752880085795148,1.5079674113978587,114.2787369704005,30.101679306055473,1.3614584461983357,54.812684531938395,0
Disease_UnmaskedMito,0.5903555718129975,20.67449022957525,0.7870652379444371,1.5115982336296565,113.74791034991557,24.622848530300914,1.1031692851698185,67.80432996377826,0
Disease_UnmaskedMito,0.6047230330493906,21.01487238544288,0.6395852388096538,1.7180424345445995,133.44204838563837,20.908602190373237,1.0606245769728526,78.31786015916003,0
Disease_UnmaskedMito,0.417208969486425,23.682424377427854,0.6895049733321197,1.271721860665001,109.3005292467031,18.886628542773725,1.2387046500812315,80.83237146152864,0
Disease_UnmaskedMito,0.5143144497232933,26.323611400021257,0.8024507408857766,1.3671739247498813,104.5490751946274,9.614665609900468,1.4682547803181714,84.17490906858423,1
Disease_UnmaskedMito,0.3602243577549189,20.555671018571857,0.6837248859874479,2.057611200593563,89.0225901574811,12.944768286858118,1.8210961216316446,88.31816692644041,0
Disease_UnmaskedMito,0.49040136490194874,20.608903714874657,0.8306932948819541,0.9192715791396311,89.13338035578627,16.749982983883267,1.6332938193333153,74.55097531281774,0
Disease_UnmaskedMito,0.5580749433388125,26.992487283990478,0.9702656214621381,1.3856561973498882,121.15539360658367,29.462049993984003,1.074030208795358,76.99133879853002,0
Disease_UnmaskedMito,0.4685347574110994,23.114257557094348,0.7516470663268633,1.3102695867097711,101.76001635135114,21.349142960980892,1.6090860488732326,74.21082294634088,0
Disease_UnmaskedMito,0.5556090526986573,25.015936390114636,0.6930030346447262,1.7551507339110886,129.54354417656103,36.55404105245628,1.418544761554664,61.21783818209499,0
Disease_UnmaskedMito,0.6115172697258997,26.051416400370183,0.7367635377741679,1.4155834060555215,125.87983709142367,15.025080141058067,1.326078374150577,82.34834233158627,1
Disease_UnmaskedMito,0.6296750947857807,21.12293012772895,0.620559406000102,0.9854664259198777,94.9794602407037,11.948570106639519,1.2748522395835895,74.18162106974012,0
Disease_UnmaskedMito,0.4937796032143037,20.122038212205737,0.7358566607808249,1.939978351701468,127.7965813249431,21.141593230374006,1.4460688061975826,70.76055240328611,0
Disease_UnmaskedMito,0.576219717596156,25.123250909521484,0.7004120018586384,1.5510377104133302,84.06150293484706,21.749886114698413,1.6179322608342435,74.19362989266891,0
Disease_UnmaskedMito,0.6953221596912085,20.35163191304745,0.8111954101525902,1.4891063150416095,116.9567547036521,19.005107161139193,1.4583396853624861,80.29464587969932,0
Disease_UnmaskedMito,0.6602188989019796,23.32278084094139,0.8621959584076054,1.314928640429608,131.73481449495662,14.46473238745164,1.631177346046791,93.88572785896297,0
Disease_UnmaskedMito,0.5402332889622887,15.296797649060938,0.729892099124949,1.8983433864642039,125.947286376653,22.490815770228892,1.7589928849261154,72.29214660874399,0
Disease_UnmaskedMito,0.647418014996091,26.510236913252722,0.9247464819460136,1.6163665982451194,135.08958709893153,17.421491866299448,1.3342702710182985,90.40955449742592,0
Disease_UnmaskedMito,0.5672963741058151,25.868971102835772,0.7925203112254904,1.3797218868053749,118.40109188337725,28.200286012864094,1.529583288042817,60.89231489302744,0
Disease_UnmaskedMito,0.5327804434739076,29.186369604888213,0.7593807179114166,1.0518928110985617,147.9176350891662,23.22185637360538,1.3100703738358241,74.90583024755621,0
Disease_UnmaskedMito,0.6365881543833389,21.362822562358343,0.8902701305571061,1.6715088259686233,123.8997731578255,20.45448570060818,1.4418842384150365,80.92794569818405,0
Disease_UnmaskedMito,0.4807725734318533,17.11557977638983,0.8297614169348709,1.7509763311576527,126.57956394501593,22.549754378414313,1.4297251995551525,75.1544405894156,0
Disease_UnmaskedMito,0.5463553498596367,21.284168586725787,0.7516382098857849,2.1170547432063604,89.7298704652172,24.303008852872804,1.2223593917243722,70.87869403979938,0
Disease_UnmaskedMito,0.515309801187665,15.598330365183422,0.812238167234052,1.4557309121705024,84.99298552923304,24.655441365582206,1.7421340872001911,76.77539118042372,0
Disease_UnmaskedMito,0.5787165152521178,23.247353030776257,0.9018314171007912,2.011016623556986,138.33006475382425,14.54181913113042,1.6095500235965294,83.15205337931,0
Disease_UnmaskedMito,0.4052306424866217,24.208454236132575,0.9729877157370748,1.7798514015539042,145.04838818633544,20.39926488945759,1.4913548191120352,78.69328897059931,0
Disease_UnmaskedMito,0.4847338681612454,19.430988449163376,0.8887461195981425,1.9570990021461894,104.09972910336896,25.96971411402671,1.5326435559032228,71.12167322521924,0
Disease_UnmaskedMito,0.5868174911548051,26.59067911189953,0.7903900374600714,1.9319592367803604,123.13762611044008,24.44668388361749,1.3621720390568957,87.54901442447473,0
Disease_UnmaskedMito,0.5875859938563973,25.60824897027704,0.638270156499473,1.3064883356881127,135.2550018236902,22.084702442135015,0.9680905422596644,82.12692700236113,1
Disease_UnmaskedMito,0.5064973756517822,27.80910157752384,0.7686145789778096,1.6225437906076245,136.65833567906697,14.828442282220418,1.2497096499284392,81.84371659834932,0
Disease_UnmaskedMito,0.6161738239696978,18.540451087761877,0.6351707919275572,1.7574810211828678,105.74542125362397,18.930581213278696,1.0933719668688804,70.10592979592226,0
Disease_UnmaskedMito,0.549394616269508,26.254506350488647,0.7105408543404431,2.014277197970771,105.79683899125116,17.246758460387834,1.9042879609102092,81.42405795616642,0
Disease_UnmaskedMito,0.5058380216790739,22.324548105905144,0.8982436637131113,1.9759934819075151,107.05969507851191,19.887922121061713,1.5763328725637447,69.76695050359413,0
Disease_UnmaskedMito,0.5455451957880005,23.005265598944955,0.8822624687673463,1.889638189401336,114.5733740640681,18.781982703033723,1.6810538538025739,73.46644250337793,0
Disease_UnmaskedMito,0.5970912121389923,22.833600930624723,0.6965214249746435,1.2656037961450517,139.6503247860412,18.993550167582452,1.7397788496938913,73.62350286001941,0
Disease_UnmaskedMito,0.5732964160905195,31.444257778835404,0.6866989062675465,1.0104581943963808,136.90602241341156,14.519868318829042,1.3105591484957237,81.9351507495285,1
Disease_UnmaskedMito,0.5714530224764254,19.73748234227918,0.7655216338886165,1.6684397335690808,101.60644722960691,16.12324548593113,1.4031857100005931,68.57100041126493,0
Disease_UnmaskedMito,0.5161951213761004,23.314373253788457,0.7413362049671295,1.485846289497482,116.98562495490296,16.169214574598303,1.5859953368650834,87.8691210414051,0
Disease_UnmaskedMito,0.5128495686243641,24.586742516045067,0.7554624215008309,1.665339107592254,142.61079608626702,23.429860944288116,1.0886835783599336,76.9321305428783,0
Disease_UnmaskedMito,0.6486290994647208,22.520300703400803,0.8774974605077827,1.322247463664803,95.98632773678371,19.80652427727875,1.0066369873520116,74.42833492285592,0
Disease_UnmaskedMito,0.6529473810116403,16.624671972922936,0.6730810788486805,1.2249993880006842,115.06234166390088,17.79721158903203,1.6765598509733104,79.66312388707831,0
Disease_UnmaskedMito,0.5896218356854879,23.62857160726006,0.8185604267834735,1.2947772980223344,132.4094533390083,12.585926509188623,1.5699772631640743,89.42525676971813,0
Disease_UnmaskedMito,0.566869168167047,22.433861798134224,0.8173774252012344,0.7428706475133451,123.5089251493896,17.481352756780442,1.2370794770057982,81.91442995084316,0
Disease_UnmaskedMito,0.5440184862748219,18.99133146054541,0.7667952385277017,1.5710090653464432,119.60125687879484,21.092762903237087,1.6839134562186926,66.20438123553268,0
Disease_UnmaskedMito,0.564056036493188,27.556922054643408,0.6250094481951074,1.5953814578457992,105.84411403594325,18.796443919682325,1.262287713754277,78.67969380283752,0
Disease_UnmaskedMito,0.6973004491541523,19.01639508334221,0.6865191357092378,1.1339031631502656,143.9560370288159,16.954653278917384,1.340335197511078,73.62941678023397,0
Disease_UnmaskedMito,0.4744461697277527,21.950311246032733,0.9951976180945107,1.9662236984680779,108.22655204102485,23.42670630673921,1.3711209146304166,61.970615869150954,0
Disease_UnmaskedMito,0.6315608734131704,27.30500758349194,0.8806695724673647,1.38989142452391,117.14364056038077,23.574358736192373,1.496101984347561,73.36169273335899,0
Disease_UnmaskedMito,0.42047425439054686,23.00998594266868,0.866748807882494,1.2600092900337447,129.78162864870052,20.88877590357468,1.5425349404195496,80.5268238410555,0
Disease_UnmaskedMito,0.4944427806459718,17.173970441360602,0.7275386651402186,1.8184006756814721,108.3836335161084,16.68730941737578,1.1164030936969476,85.67042005822137,0
Disease_UnmaskedMito,0.6160570913140249,25.89280720840375,0.8723798521152746,1.688358359272244,115.75357565520247,18.739852981119633,1.3905254296077936,94.55224646663655,0
Disease_UnmaskedMito,0.5944729625039554,21.510117342781843,0.8254525466752817,1.2513911661238468,142.8902533375827,15.163652477353164,1.4855865867079043,85.37101420224538,0
Disease_UnmaskedMito,0.5807814835363995,23.42298942197793,0.7834347063199533,1.5234229736338702,108.83464889091913,17.229337130729792,1.7688656256116733,77.81910415249199,0
Disease_UnmaskedMito,0.48713629844937817,21.004367306332853,0.8740042651387003,1.7611721528287718,128.65734362421273,18.31319152136659,1.628932781645241,72.29070041700254,0
Disease_UnmaskedMito,0.5292308774923381,26.33200833834812,0.8570234613021028,1.2823344360114568,105.69799905690064,19.654741021090754,1.7628327314301564,66.7820211993223,0
Disease_UnmaskedMito,0.5722666351656404,18.250648244990902,0.7246915413959522,1.4401667206340385,110.27631425013688,16.909408554937112,1.424127233441311,72.41132870326138,0
Disease_UnmaskedMito,0.43300340921166786,25.37855387146472,0.8383987677803327,1.8270376135822637,94.39942587982068,21.997191535987437,1.667974751673089,69.64216668345136,0
Disease_UnmaskedMito,0.5507338598545704,22.59526832097743,0.9458522680595094,2.088602039414421,94.35563853178795,35.04565250483972,1.383300851199874,69.60467875467924,0
Disease_UnmaskedMito,0.6276398384690985,19.74800372146097,0.8306052885230468,1.4927166081413177,127.7801752675331,20.965835299428107,1.6988738388167837,73.72853125221047,0
Disease_UnmaskedMito,0.5365700744458951,26.795935039037815,0.8311612427929459,1.7596082243537854,108.28751561413547,13.84067230355905,1.377503184572852,79.48009486649192,0
Disease_UnmaskedMito,0.6128959414922331,26.60463200050588,0.7710699492614627,1.9286437457485373,139.7347693869484,22.271261294331534,1.3638447466976653,85.79803006145154,0
Disease_UnmaskedMito,0.5451186119177274,23.426934023261595,0.749045036648827,1.3025671944655801,93.9445797746342,23.488074110381927,1.2157935667591384,91.82288849963236,0
Disease_UnmaskedMito,0.4631141133910017,18.33850367773821,0.8189616134764899,2.008617834423992,119.73474355366837,24.116920509112692,1.1590740267650819,65.84449652520217,0
Disease_UnmaskedMito,0.4641107416689947,16.1096717501894,0.7836570803956694,0.9520695063649304,96.91069198972286,15.559033766275336,1.1176344926819959,77.79702705033579,0
Disease_MaskedMito,0.8044464153521984,30.701634856830694,0.9696702491723169,1.510871335647917,139.22337008495685,13.524522581161952,1.3102508483342015,89.15130303351502,0
Disease_MaskedMito,0.7482244552066342,26.241124495430707,0.8238777005668338,1.3291741530524304,135.12555582484052,8.236039598883268,1.0065996780116973,82.59345065145507,1
Disease_MaskedMito,0.858307307298976,28.010083765258184,0.8286125828223239,1.3989858123339236,127.74784553409185,3.8872923656605085,1.3944153567116901,91.17363442922982,1
Disease_MaskedMito,0.7472880727832969,27.54599428957201,1.0002160758737741,1.2170596159684133,120.61801534740425,14.196084801367261,1.0175671646545243,97.1982725618262,1
Disease_MaskedMito,0.7799104222401688,19.677107024075173,0.9321556812732242,1.7445187340488049,163.79352687964428,23.381829112997657,1.0317824427282793,79.27371529990765,0
Disease_MaskedMito,0.7222404368210631,28.111734208422423,0.7808135163591091,1.0397682329454674,125.0346961366461,17.285987048591977,1.2561002650036912,85.39916926216479,1
Disease_MaskedMito,0.6719662865555692,26.085160840842686,0.8242068194596003,1.4813210115800082,155.48668039534775,18.855714622587712,1.0241819806232577,64.82932607269856,0
Disease_MaskedMito,0.6386430481495957,32.05162356773651,0.8525784993131835,1.0392720400334101,163.42897768261705,19.05403275711768,1.0851967288307058,82.92732938856392,1
Disease_MaskedMito,0.76943190297495,28.26336550328098,1.0431588075567608,1.321989712745191,152.19332306464796,17.900647234570847,0.8931687079609257,87.86667286915616,1
Disease_MaskedMito,0.7564344996270711,18.622970313676532,0.7065795011914426,0.9231749939052931,143.01800267892727,12.78967037270371,1.0913544240549695,93.3477067861631,0
Disease_MaskedMito,0.678472830811215,27.099401752790612,0.9192770235181407,1.0293780365853409,138.8002143446536,1.4433979275557687,1.3875238769468414,91.71523539444715,1
Disease_MaskedMito,0.9425120131822803,27.873875905835746,1.0055257819405088,1.1281959920686786,139.4075627587607,7.219061293162257,1.1282562624777508,93.55706867545594,1
Disease_MaskedMito,0.7172593192867857,26.87412250235076,0.8400718475978026,1.8658651777417798,135.48560093817454,22.4626921800761,1.2434293816577535,80.41004560655904,0
Disease_MaskedMito,0.6742908742683785,25.61811855126761,0.9104913903125025,1.6810792666748302,141.7405694684454,20.70153235863264,1.38123022091335,89.27405328064256,0
Disease_MaskedMito,0.7752766226155956,35.8516093551281,0.8559364715469766,0.9870438685091942,117.84601089282104,25.32461693708495,1.2470394331032362,79.94654766312706,0
Disease_MaskedMito,0.8799218157498796,30.206688095161873,1.0849452176837935,0.731634171320367,137.0832521852802,6.67846873288102,0.5686983540201995,99.84320109947048,1
Disease_MaskedMito,0.7583682755357314,30.023814044060163,1.1106489361325236,1.1086628698507637,135.05323312787095,10.765417141250362,1.314360135119041,86.7016765615749,1
Disease_MaskedMito,0.7295230722294296,31.048731662533072,0.9300393849237776,0.6451430110783498,118.93444013712227,19.217464895577294,1.0697099750469263,79.38209149483451,0
Disease_MaskedMito,0.7663672274212014,27.50543003706945,0.9651253806189108,0.8244577198421182,125.71707063241305,11.995897685151105,1.0041508222515305,91.03769496994104,1
Disease_MaskedMito,0.6816394082112323,28.45486859158332,0.9903736784008711,1.3707354003278682,141.85251404740114,10.723927114854686,0.9790165964722368,88.76178790842752,1
Disease_MaskedMito,0.8807764682304325,27.38572963159086,0.8279797584170777,1.0268990512650402,139.9172404079223,9.344835568942532,1.1834914850901512,92.79263188829468,1
Disease_MaskedMito,0.8511186544323719,32.69581411622473,0.9953167775481022,0.913521532987241,125.25915085064547,9.900513541926923,0.9491218046541392,85.56711727442764,1
Disease_MaskedMito,0.7446646564661605,25.733198701731844,0.8367068759387843,1.1239463141134423,155.7159373719914,12.923079620089613,1.6447845752605639,86.8245046410853,1
Disease_MaskedMito,0.7567947380850198,27.44484930354709,0.9212278571067203,1.3299929496781409,171.60948264166535,6.560695966850548,1.3414883702186373,93.16485639433256,1
Disease_MaskedMito,0.6543121805943506,29.820382279114725,1.0040310949198994,1.003981343734297,139.72961782228666,1.0,0.7940579148030205,100.0,1
Disease_MaskedMito,0.7426866795194053,23.50724962627508,0.9176663671628111,1.0667841813675216,130.78484808452203,15.563526313807596,0.8311147063763243,76.92133744862798,0
Disease_MaskedMito,0.7923263993719095,30.929913465734444,1.0124205390838392,1.0094684785185772,155.02160117422346,5.7395599617116675,1.4741331759491405,87.86367395755296,1
Disease_MaskedMito,0.8862783048633385,25.521133540724485,1.0896944453205812,1.3283723973765271,125.15823554523892,7.485147245574526,1.323952964493355,96.34042883366844,1
Disease_MaskedMito,0.774342752662043,27.63933224135826,0.9677991931509293,1.2388835961313145,118.52430772730271,6.293127885515969,1.181447286526195,99.54199153538833,1
Disease_MaskedMito,0.9092785939329638,30.616188754498967,0.9361984560079099,1.3644203801985562,127.98355860483268,10.692264262800368,0.9797963363549542,83.02344617821282,1
Disease_MaskedMito,0.8066839209308965,28.22934833583929,0.9640234372802828,1.3435719403240716,143.03473021222686,14.742703251031772,1.1465027039109732,88.32079477201256,1
Disease_MaskedMito,0.7219084477850912,28.61969608309223,0.9555102674985482,1.0328212434150013,139.8284983988594,7.090965824062555,0.9623738376202051,85.44946885999238,1
Disease_MaskedMito,0.8812619940133245,31.53368409356014,0.9564700064015262,1.7167731686396042,135.9885289701332,30.385300789533858,1.1991368207799926,76.8431299350451,0
Disease_MaskedMito,0.7481777668847833,28.707672760865417,0.9726595648605447,1.1792411915354621,167.73538972137172,12.45742070170842,1.1743170828281095,82.50468092807021,1
Disease_MaskedMito,0.8134799259640307,27.131344505059314,0.8479368184367666,0.9708691916310473,179.81107680796876,9.773253971567282,0.742180505335883,84.97087476738632,1
Disease_MaskedMito,0.775874572841903,29.400958332683405,0.9496016527826304,1.390895974002761,128.57506484389006,13.626824692319014,0.9749909113963632,83.72125734767076,1
Disease_MaskedMito,0.7065832820399792,23.120388855025993,0.9899055165604191,1.4185071275600958,155.24494521773764,11.633459551903453,1.3455244756403562,74.69772924363757,0
Disease_MaskedMito,0.8490470014436284,28.32706040934849,0.9619636241289152,1.2822400732283417,123.32246276173029,2.3044597493369134,0.9839081017468335,99.24217213377703,1
Disease_MaskedMito,0.8352073132140316,22.877823968805576,0.8161176419849833,0.9781714483116538,130.77323659146066,3.387332059597495,0.7516914735270844,86.78581695516003,0
Disease_MaskedMito,0.7869003068980005,23.388620731556784,0.8901297086543811,1.493979681105408,116.9938589571627,10.908506559821292,1.418941401701522,83.49675684889418,0
Disease_MaskedMito,0.7341064247313265,31.43455462426664,0.8687703268710668,1.5253213584015946,144.30131214171436,10.280952838117766,1.3068622563318555,93.258667587142,0
Disease_MaskedMito,0.8616706256801979,25.825802494513027,0.9102421960647616,1.1541908907226321,149.45072979540225,5.195853438391641,1.3322826732929864,94.836771379017,1
Disease_MaskedMito,0.6746459941093643,31.412857871509843,1.092640056800545,1.5173874135355567,164.29927729803333,11.491162775883373,0.8338157710414171,79.29006179519406,0
Disease_MaskedMito,0.8004065635094207,25.489293863473332,0.819320660031292,1.1752886312604736,146.39713648634387,3.2181080217603126,1.015069081353434,100.0,1
Disease_MaskedMito,0.6939769295822901,30.286094943824217,0.8494923858271738,1.3829303274041853,154.64810306013499,16.616596941755457,1.3657476943380993,78.66881821244243,0
Disease_MaskedMito,0.869092776539304,24.782852428396044,0.9304861810245828,1.2411264605704673,146.31071220035577,13.421075891354581,0.9446434198671778,76.73364627017966,0
Disease_MaskedMito,0.8497878943969415,28.359784704507028,1.009026947237959,1.1630490153884674,117.47985527945188,16.568714433373817,1.0292807197216733,86.5129200205313,1
Disease_MaskedMito,0.7282032457216385,33.099665722982834,0.8169654254812434,1.1236485328476977,138.22455690181945,5.292410550286186,1.1736264295011953,100.0,1
Disease_MaskedMito,0.7407630271445032,28.76528894804455,0.6494118574280903,1.2028327643636685,128.48073685888636,8.098208769696488,1.3586272944091944,89.52314426332657,1
Disease_MaskedMito,0.765801801032513,26.13723034133579,0.7263507156237442,0.8880131664170712,150.25180865915084,1.0,0.8734139146888126,93.18401786706289,1
Disease_MaskedMito,0.9194897493833253,30.608582427387265,0.8610138325158871,1.5164424229081903,125.44999585726805,18.421400673125092,0.9001576116239843,90.76757590866723,0
Disease_MaskedMito,0.7475093083623212,23.80276308179252,0.8778578194921174,1.2890281123948477,129.6854658624467,15.134630343808935,1.0139983736926172,86.5961879376165,0
Disease_MaskedMito,0.815377764962928,27.392902603411013,0.8631058130840988,1.2300492050772498,146.13996452405297,24.152258448039554,1.3341847940649123,83.66987450251,1
Disease_MaskedMito,1.0270809755888228,30.047097595453923,0.9633843940651591,1.3106458793539753,122.99746345176082,8.67757557580446,1.0363042311661805,95.67188195994615,1
Disease_MaskedMito,0.7660660350223041,27.941980094226974,0.9967561986151462,1.4465590945793525,137.15407552641267,7.392610416198495,1.4314002146085398,96.19444680903659,1
Disease_MaskedMito,0.6514994545363695,26.018459577430125,0.9046163479444181,1.4630475117061594,152.6447181820359,13.701832942798653,1.3145163348254882,85.73443020648807,1
Disease_MaskedMito,0.7260918649455552,26.42385022619228,0.8973965559932542,1.2091576572638505,107.78397153678304,9.149035968991589,1.134654657995576,87.54686140908788,1
Disease_MaskedMito,0.7602540963590732,29.148732086893276,0.8013141808743488,0.7510592463679852,130.65293860235147,15.778919840500615,1.3790264802790568,90.25887281430391,1
Disease_MaskedMito,0.6625388992104922,26.33433135981278,0.913700206234177,1.2908368980149334,146.87547655930115,6.097178879860239,1.1569967037648967,94.14479269065625,1
Disease_MaskedMito,0.8460536762642927,24.878147445648107,0.8742201760492826,0.41981226288696216,127.5925716876427,6.9478141116519705,0.7006444739249031,91.0623100794632,1
Disease_MaskedMito,0.7755243654363786,19.579324524787495,0.9190376664720683,0.9416357154763397,146.11370134354547,3.1779379457482775,1.0620103673458918,88.20626438495484,0
Disease_MaskedMito,0.8042481507960264,28.009184924167794,0.8789750763117512,0.7613568992890021,113.986223958235,7.245541706154183,1.0085176503577415,88.05958990638263,1
Disease_MaskedMito,0.8300169544463573,26.67277764609818,0.8171502111255526,1.1046271039071602,140.12246118132478,13.75566125400851,1.5094001850152785,81.68568154443159,1
Disease_MaskedMito,0.774121707072768,28.973798935086297,0.8974216702377481,1.0618843216477083,113.16547524277158,8.174231267550836,0.849256549614011,81.18525426026844,1
Disease_MaskedMito,0.7163456926663531,23.644216055316466,0.9474484444896736,1.3905847220427787,124.39200336752012,10.035106993768789,0.758832794845937,83.89240433707869,0
Disease_MaskedMito,0.8119185520561877,30.48303826981792,0.8383792468122767,1.4833478677280398,112.63975569840542,4.950653459719664,1.3469625773723428,100.0,1
Disease_MaskedMito,0.8194745590546957,27.477225324295045,0.7055914275373769,0.6198987286386821,136.57119828600668,9.357872874626057,0.7316909420862047,90.09323237985649,1
Disease_MaskedMito,0.7892105094006248,30.833087068092826,0.913031046223193,1.540726744843409,138.3624633047985,11.411257243503643,1.4393303671852324,84.20020116580417,0
Disease_MaskedMito,1.005155796261293,29.488868562367454,0.9522870964562941,1.2682223440208749,168.97535134151957,16.077766579339624,0.7839432706243555,93.9519301825538,1
Disease_MaskedMito,0.7527282736443986,27.793227575870826,0.7826854043957779,1.3568816692991512,125.46634863804319,13.118668740184477,1.0967186361454158,98.43107836379002,1
Disease_MaskedMito,0.9385808240116472,28.138538567786537,0.9184444599441287,1.0399326810180594,156.0281009430389,9.095679380371084,0.987288969832461,96.17813681836485,1
Disease_MaskedMito,0.7369360723746681,27.238665596554146,0.7542369154539841,1.4122456713033529,166.4301355050816,17.126422086681554,1.4946572346862455,78.26544887152326,0
Disease_MaskedMito,0.7989059425622561,24.255658092393904,0.8810135763026596,1.4096021337619116,139.28737418310064,3.557276674100536,0.8830941302221723,84.12058992721127,1
Disease_MaskedMito,0.8193162071951673,34.841579496383844,1.0257665385356325,0.6553634717207933,163.00101270275792,15.274530214315675,0.6438748799138717,87.56611382611479,1
Disease_MaskedMito,0.8676417929196648,29.689442667030743,0.7891927887186545,1.3403331761010515,101.80546065964639,11.10857656534691,1.4054337832932737,89.73716964136884,1
Disease_MaskedMito,0.7400849960030443,30.492966876212353,0.9845344630380359,1.5807813654016807,153.51109918982687,18.242604716198024,1.376435223986678,85.99486824746782,0
Disease_MaskedMito,0.7871607199811052,26.691073143102408,0.7914597112231132,0.9300065255370668,131.53404309105267,13.05996774135003,1.3694804029452048,86.01588632552834,1
Disease_MaskedMito,0.8602781032702131,31.51843910732306,0.8855920364696259,1.3384159230390769,133.8442079888555,19.79609499173126,1.2944895151782743,76.6312849428787,0
Disease_MaskedMito,0.7929219721723078,33.307158482900505,0.8847229646645816,1.3208375181663112,146.4590747677888,5.61359985335753,1.262565128368551,87.83040429484652,1
Disease_MaskedMito,0.7299500714878884,31.114880600693336,0.9281040718467832,1.1322636888102116,145.6492496331651,10.835349460008935,1.1058331927199563,94.64155995272968,1
Disease_MaskedMito,0.7218105807472694,27.466609161683223,0.8672407089451829,0.776397351850384,122.68304066102448,20.258589132412666,1.0987384671713476,73.03156438267146,0
Disease_MaskedMito,0.6567716499321272,26.73774129940934,1.0306485199804536,1.1908376447785367,161.26366621411242,12.809368794586298,1.221384511920731,78.48082668814914,0
Disease_MaskedMito,0.8550018337399806,26.552743370762318,0.9836784675241802,0.9457817632348952,142.33900197559385,12.601510444950497,1.0225581111620332,88.97770882501393,1
Disease_MaskedMito,0.7586882339845993,25.164355566309318,1.0427885631702247,1.5011659206865942,128.3963582162932,14.656266295919519,1.0319021321373951,76.96549244107602,0
Disease_MaskedMito,0.8627047553119181,21.783765576169834,0.9900334126468422,1.1002910881203722,136.2358557783547,13.21888901809943,1.2229365106688288,78.2370890702489,0
Disease_MaskedMito,0.8374180487000051,28.069051029188298,0.791548512537877,1.1323388275526713,158.1483374746246,22.07495536935226,1.260901367562077,72.73940539302095,0
Disease_MaskedMito,0.8192485521964711,30.595758820096588,0.9684536026744026,1.4060502075638524,145.04437411609973,11.066904766098027,1.0376717027920792,78.81631836817056,0
Disease_MaskedMito,0.8071713413370681,28.232698976793866,0.9523555331611989,0.8159777964100157,149.26266662594253,22.745092961577498,1.0412534778736446,79.07355310157507,0
Disease_MaskedMito,0.8047201884868561,34.68734015194675,0.8098493165259583,1.2482458753798937,123.58276894070494,8.855367526534069,1.1211516011109468,100.0,1
Disease_MaskedMito,0.924079248055099,29.50073525035877,0.8776328147722943,1.8475391458395005,130.75651896462895,9.502465916886813,0.8913973166525553,99.17501783217426,0
Disease_MaskedMito,0.8574596473897036,36.19469831857667,0.781139670091545,1.5811769495077543,136.98268235550586,17.812117179267055,0.8527832663339551,96.97561618372414,0
Disease_MaskedMito,0.8429213401065465,27.552578898567877,0.9630938490980246,0.963638846670879,129.86464791445724,7.868046917001233,0.6533095820958588,96.10766077075995,1
Disease_MaskedMito,0.8753274891346053,25.33127794323037,0.9389644705658021,1.0922840459067018,143.95374386348092,7.285317821152416,0.8987174771373956,96.38296182515873,1
Disease_MaskedMito,0.7748903531900406,34.56205238755729,0.9037591250866759,0.9424865250853479,157.69871827453517,14.74721928452676,1.2155336612845502,96.78306007812047,1
Disease_MaskedMito,0.7277762964923364,26.897942308028504,0.8803916188854856,0.856869265891309,133.42960673740683,18.94966556573065,1.0864316993074739,73.60266496516266,0
Disease_MaskedMito,0.6555328470668053,32.953314746819366,0.8819139168423827,1.0622886459301653,133.29058226481084,2.469247264902043,1.3986530943750979,96.13827341065381,1
Disease_MaskedMito,0.8893921222190738,28.008957367222823,1.0374092474886856,1.233587216955388,154.12508906070155,15.057277225508683,1.2655208388142807,87.54715950302301,1
Disease_MaskedMito,0.7613719427107533,34.14813724863727,0.8168854267582293,1.2077259599073211,136.74211168496964,14.428783879326396,1.0274475078800402,91.53433307925877,1
Disease_MaskedMito,0.7664925931837627,21.922643968518642,0.8997791132178172,0.8965692991372406,110.24585183873829,11.715703843103887,1.1514766600286148,87.64121155925554,0
Disease_MaskedMito,0.8253736565615756,20.87205939639259,0.7811383690132538,1.7367052225112765,119.10515048100599,16.951626417763165,1.1030500288613332,80.13997093923041,0
Disease_MaskedMito,0.7293396638181125,29.313413032623096,0.908256843663952,1.092209981043275,121.34586927105975,12.841524085057905,0.8262543594714491,90.57971480425256,1
Disease_MaskedMito,0.990118792722952,32.8559515575859,0.9814608132383108,1.1024883791794453,108.44625260623317,2.882493503527919,1.3778365231374583,93.36903965098053,1
Disease_MaskedMito,0.7240598321468763,26.75240283154655,0.7999406232755603,0.8760838130741351,135.39134605445736,6.103347158462691,0.875996865717177,87.18161781527574,1
Disease_MaskedMito,0.8217888171067576,26.81292653458652,0.8872716282580938,1.3525187652591222,135.49825557691864,10.211885150226646,1.2616287695402184,92.62743486191638,1
Disease_MaskedMito,0.7682341200393117,27.74682957478976,0.8286976089271454,0.9631268059001737,149.02291699215755,14.123720333505206,1.1609473579266902,87.73424757042281,1
Disease_MaskedMito,0.7836962620651963,29.94853040407528,0.9844554894572662,1.4538501497305625,137.907752155095,19.822923742170556,1.2337238874137513,86.6050364041035,1
Disease_MaskedMito,0.8025670312667904,28.43222456999498,0.8355876833788145,1.3884797737931747,182.3652886193409,10.014662998572962,1.1827387808417824,87.07037275705504,1
Disease_MaskedMito,0.7409584078750453,32.78844839704049,0.8363092810345317,1.080922024701153,111.45368187892075,7.098318015941633,0.7143825297255519,98.48524282074257,1
Disease_MaskedMito,1.0039757777469849,26.888551555464126,0.7679098482506375,1.3736083838288806,123.99157792562897,20.435839261475177,1.1013557054434324,76.69356538960166,0
Disease_MaskedMito,0.7657633955403451,30.10950884989769,0.8783932148752185,1.0658998947786416,134.42977222009196,3.730309393300661,1.1738219261993361,85.06109823222862,1
Disease_MaskedMito,0.7444702836507588,30.051259081859875,0.9244319681560051,1.3777251611584238,137.39904466330717,18.72733559929392,1.3678651135789603,86.42573299516684,1
Disease_MaskedMito,0.8542036621850835,30.34909342696777,0.8663845767735866,0.7977370229616473,144.12071639540653,14.173701970270347,1.2593380937908962,81.95256682969261,1
Disease_MaskedMito,0.707485515257827,28.89210747785068,0.8877938122238485,0.6973668186998446,143.78201924009633,1.0,0.7863852632628185,100.0,1
Disease_MaskedMito,0.9259903214245693,23.68317367462184,0.882033987346823,1.1608376939634384,166.17624261354788,8.57225777689953,1.0052949384235386,97.34445133403067,0
Disease_MaskedMito,0.7500168677825394,29.93775658473022,0.7646584825624847,1.1625489279302599,109.01030327290226,5.904544274751386,1.295261530116063,93.63958618451674,1
Disease_MaskedMito,0.7544715407557621,24.802790938334077,0.8780986766687455,1.2932466475236775,153.33243548342563,1.0,0.9603242035431014,95.73625201613449,1
Disease_MaskedMito,0.7720909507230171,28.888089701012586,0.9234459018092313,1.1174051656087898,129.99237509677133,9.721125981949186,1.352074608363201,85.86390543761392,1
Disease_MaskedMito,0.7749754621484836,28.126624135439926,1.04002962066058,1.117672275941863,155.8614396680658,17.887043247510377,1.0853921306875232,82.00202600879508,1
Disease_MaskedMito,0.7536757062361428,26.525646148859387,0.9747756439508064,1.273896296448894,143.1105969378324,4.447797666913941,0.925626257089672,100.0,1
Disease_MaskedMito,0.7657739419769048,24.745619841406455,1.027660840261189,1.2838855139394778,149.54837379453375,10.07352353462262,1.0708632985579727,86.47103484216203,1
